[
  {
    "inputs": [
      {
        "internalType": "string",
        "name": "_uri",
        "type": "string"
      }
    ],
    "name": "mintText",
    "outputs": [],
    "stateMutability": "nonpayable",
    "type": "function"
  },
  {
    "inputs": [
      {
        "internalType": "address",
        "name": "user",
        "type": "address"
      }
    ],
    "name": "getTexts",
    "outputs": [
      {
        "internalType": "string[]",
        "name": "",
        "type": "string[]"
      }
    ],
    "stateMutability": "view",
    "type": "function"
  },
  {
    "anonymous": false,
    "inputs": [
      {
        "indexed": true,
        "internalType": "address",
        "name": "sender",
        "type": "address"
      },
      {
        "indexed": false,
        "internalType": "string",
        "name": "uri",
        "type": "string"
      }
    ],
    "name": "TextMinted",
    "type": "event"
  }
]